{"cameraMode":{"drawMode":0,"name":"Shaded","section":"Shading Mode"},"sceneLighting":true,"audioPlay":false,"sceneViewState":{"showFog":true,"showMaterialUpdate":false,"showSkybox":true,"showFlares":true,"showImageEffects":true,"showParticleSystems":true},"in2DMode":false,"pivot":{"x":-34.34709930419922,"y":8.009236335754395,"z":13.042439460754395},"rotation":{"x":0.04619374871253967,"y":0.11545022577047348,"z":-0.0052145193330943588,"w":0.9922971129417419},"size":10.732890129089356,"orthographic":false}